{
    "__comment": "Made with TheDestruc7i0n's advancements generator: https://advancements.thedestruc7i0n.ca",
    "display": {
        "title": {
            "text": "100 Levels in 15 Minutes",
            "color": "gold",
            "bold": true,
            "italic": true
        },
        "description": {
            "text": "Achieve 100 Levels in the first 15 minutes! That is AMAZING!!! Absolutely incredible! Assuming you didn't cheat, you deserve an acknowledgement!"
        },
        "icon": {
            "item": "minecraft:beacon"
        },
        "frame": "challenge",
        "show_toast": true,
        "announce_to_chat": true,
        "hidden": false
    },
    "criteria": {
        "100in15": {
            "trigger": "minecraft:impossible"
        }
    },
    "rewards": {
        "function": "chhistenn:advancement_reward"
    },
    "parent": "shuffleparkourtwo:root"
}