{
    "__comment": "Made with TheDestruc7i0n's advancements generator: https://advancements.thedestruc7i0n.ca",
    "display": {
        "title": {
            "text": "75 Levels in 15 Minutes",
            "color": "aqua",
            "bold": true,
            "italic": false,
            "underlined": false
        },
        "description": {
            "text": "Achieve 75 Levels in the first 15 minutes. I'm so proud of you! Can you give me your house address so I can give you a trophy IRL? please.. i wont tell anyone.."
        },
        "icon": {
            "item": "minecraft:gold_block"
        },
        "frame": "challenge",
        "show_toast": true,
        "announce_to_chat": true,
        "hidden": false
    },
    "criteria": {
        "75in15": {
            "trigger": "minecraft:impossible"
        }
    },
    "rewards": {
        "function": "chhistenn:advancement_reward"
    },
    "parent": "shuffleparkourtwo:root"
}