{
    "__comment": "Made with TheDestruc7i0n's advancements generator: https://advancements.thedestruc7i0n.ca",
    "display": {
        "title": {
            "text": "Welcome to Shuffle Parkour 2"
        },
        "description": {
            "text": "You will have fun. I know it because I'm from the future."
        },
        "icon": {
            "item": "minecraft:lime_concrete"
        },
        "frame": "task",
        "show_toast": true,
        "announce_to_chat": false,
        "hidden": false,
        "background": "minecraft:textures/gui/advancements/backgrounds/stone.png"
    },
    "criteria": {
        "spawn": {
            "trigger": "minecraft:location",
            "conditions": {
                "dimension": "overworld",
                "position": {
                    "x": {
                        "min": -1,
                        "max": 1
                    },
                    "y": {
                        "min": -31,
                        "max": -33
                    },
                    "z": {
                        "min": 144,
                        "max": 146
                    }
                }
            }
        }
    }
}