{"stats":{"minecraft:mined":{"minecraft:dirt":2495},"minecraft:killed":{"minecraft:magma_cube":1,"minecraft:pillager":1,"minecraft:zombie":376,"minecraft:frog":1,"minecraft:enderman":2,"minecraft:pig":1,"minecraft:vex":1,"minecraft:phantom":1,"minecraft:villager":4},"minecraft:dropped":{"minecraft:crimson_stem":4,"minecraft:clay":4,"minecraft:acacia_wood":3,"minecraft:repeating_command_block":129,"minecraft:pink_stained_glass":3,"minecraft:piston":2,"minecraft:porkchop":3,"minecraft:oak_pressure_plate":18,"minecraft:waxed_exposed_cut_copper_stairs":1,"minecraft:chorus_fruit":36,"minecraft:emerald_ore":8,"minecraft:cyan_glazed_terracotta":1,"minecraft:spore_blossom":3,"minecraft:crafting_table":6,"minecraft:lime_concrete_powder":4,"minecraft:lime_stained_glass":7,"minecraft:red_sandstone":6,"minecraft:sandstone_stairs":1,"minecraft:cut_copper_slab":2,"minecraft:dark_oak_slab":4,"minecraft:weeping_vines":3,"minecraft:warden_spawn_egg":1,"minecraft:warped_roots":3,"minecraft:squid_spawn_egg":2,"minecraft:rooted_dirt":4,"minecraft:dark_oak_button":1,"minecraft:warped_hyphae":68,"minecraft:cracked_stone_bricks":2,"minecraft:saddle":2,"minecraft:quartz_pillar":2,"minecraft:purpur_stairs":3,"minecraft:rail":5,"minecraft:red_mushroom":4,"minecraft:red_carpet":3,"minecraft:item_frame":9,"minecraft:light_weighted_pressure_plate":10,"minecraft:gold_block":44,"minecraft:waxed_weathered_cut_copper_slab":1,"minecraft:melon":2,"minecraft:dirt":27,"minecraft:packed_mud":3,"minecraft:gray_concrete":18,"minecraft:red_bed":6,"minecraft:grass":5,"minecraft:birch_fence":5,"minecraft:raw_copper_block":2,"minecraft:stone_button":73,"minecraft:dark_oak_fence":14,"minecraft:dark_oak_trapdoor":2,"minecraft:jack_o_lantern":4,"minecraft:stripped_dark_oak_wood":1,"minecraft:jungle_sapling":4,"minecraft:chain":8,"minecraft:bone_meal":20,"minecraft:deepslate_coal_ore":2,"minecraft:bone_block":5,"minecraft:sunflower":2,"minecraft:sand":13,"minecraft:verdant_froglight":1,"minecraft:purple_wool":7,"minecraft:polished_blackstone_slab":1,"minecraft:smooth_red_sandstone_slab":1,"minecraft:dark_oak_planks":17,"minecraft:exposed_cut_copper_slab":2,"minecraft:fishing_rod":46,"minecraft:music_disc_stal":20,"minecraft:green_stained_glass_pane":3,"minecraft:white_wool":27,"minecraft:birch_stairs":5,"minecraft:diorite_slab":6,"minecraft:cyan_carpet":4,"minecraft:green_wool":11,"minecraft:oak_door":21,"minecraft:pink_concrete":6,"minecraft:dark_oak_door":5,"minecraft:note_block":1,"minecraft:emerald_block":12,"minecraft:sugar_cane":1,"minecraft:ancient_debris":9,"minecraft:lever":11,"minecraft:diamond_block":15,"minecraft:polished_andesite_slab":3,"minecraft:cobbled_deepslate":1,"minecraft:tinted_glass":2,"minecraft:cut_red_sandstone_slab":1,"minecraft:black_carpet":3,"minecraft:wheat":8,"minecraft:blue_wool":10,"minecraft:obsidian":17,"minecraft:rotten_flesh":2,"minecraft:grindstone":3,"minecraft:oak_planks":40,"minecraft:pink_carpet":1,"minecraft:birch_wood":4,"minecraft:end_stone":15,"minecraft:light_gray_carpet":14,"minecraft:warped_sign":1,"minecraft:deepslate_emerald_ore":3,"minecraft:quartz_bricks":6,"minecraft:nether_brick_fence":4,"minecraft:azure_bluet":1,"minecraft:warped_planks":7,"minecraft:orange_stained_glass":5,"minecraft:dead_fire_coral_block":1,"minecraft:blue_stained_glass":1,"minecraft:red_stained_glass_pane":4,"minecraft:black_glazed_terracotta":5,"minecraft:yellow_stained_glass_pane":9,"minecraft:command_block_minecart":1,"minecraft:firework_star":21,"minecraft:sea_lantern":8,"minecraft:tipped_arrow":22,"minecraft:brick_stairs":5,"minecraft:heavy_weighted_pressure_plate":7,"minecraft:deepslate_copper_ore":2,"minecraft:coal_ore":10,"minecraft:jungle_stairs":1,"minecraft:honey_block":2,"minecraft:quartz_block":5,"minecraft:jungle_log":9,"minecraft:hopper":9,"minecraft:ladder":157,"minecraft:yellow_banner":1,"minecraft:painting":2,"minecraft:white_dye":86,"minecraft:spruce_slab":23,"minecraft:red_nether_bricks":3,"minecraft:end_stone_bricks":5,"minecraft:glass":36,"minecraft:podzol":4,"minecraft:purple_stained_glass_pane":5,"minecraft:warped_wart_block":7,"minecraft:flowering_azalea_leaves":1,"minecraft:crying_obsidian":4,"minecraft:stone_brick_stairs":7,"minecraft:acacia_fence":3,"minecraft:white_glazed_terracotta":1,"minecraft:green_stained_glass":1,"minecraft:brown_concrete":13,"minecraft:crimson_planks":3,"minecraft:orange_shulker_box":1,"minecraft:blue_stained_glass_pane":3,"minecraft:black_dye":38,"minecraft:cyan_stained_glass":1,"minecraft:wheat_seeds":28,"minecraft:gray_stained_glass_pane":1,"minecraft:sculk_shrieker":1,"minecraft:mangrove_leaves":1,"minecraft:deepslate_redstone_ore":2,"minecraft:mangrove_trapdoor":1,"minecraft:copper_block":1,"minecraft:tnt":4,"minecraft:polished_blackstone":3,"minecraft:deepslate_brick_wall":1,"minecraft:dripstone_block":6,"minecraft:deepslate_diamond_ore":4,"minecraft:light_gray_stained_glass_pane":4,"minecraft:end_stone_brick_slab":3,"minecraft:dark_prismarine_slab":1,"minecraft:yellow_terracotta":6,"minecraft:purpur_slab":4,"minecraft:oak_fence":43,"minecraft:barrier":119,"minecraft:feather":13,"minecraft:cobblestone":34,"minecraft:purple_concrete":11,"minecraft:granite":3,"minecraft:command_block":483,"minecraft:red_stained_glass":7,"minecraft:stripped_jungle_log":1,"minecraft:spruce_door":13,"minecraft:polished_blackstone_button":1,"minecraft:yellow_carpet":3,"minecraft:polished_andesite":30,"minecraft:end_rod":5,"minecraft:warped_trapdoor":2,"minecraft:oxeye_daisy":1,"minecraft:lava_bucket":7,"minecraft:cobweb":6,"minecraft:dried_kelp_block":2,"minecraft:jungle_slab":2,"minecraft:dark_oak_leaves":1,"minecraft:stripped_crimson_stem":1,"minecraft:crimson_stairs":1,"minecraft:gray_wool":5,"minecraft:warped_slab":1,"minecraft:sculk":3,"minecraft:iron_trapdoor":9,"minecraft:sponge":1,"minecraft:lodestone":3,"minecraft:blackstone_wall":1,"minecraft:yellow_glazed_terracotta":3,"minecraft:lapis_ore":3,"minecraft:lime_carpet":19,"minecraft:brown_terracotta":5,"minecraft:dead_bush":10,"minecraft:stripped_birch_log":5,"minecraft:oak_stairs":16,"minecraft:pumpkin":1,"minecraft:white_banner":52,"minecraft:heart_of_the_sea":29,"minecraft:orange_concrete_powder":4,"minecraft:magenta_glazed_terracotta":51,"minecraft:red_dye":102,"minecraft:mud":4,"minecraft:mossy_cobblestone_stairs":1,"minecraft:chipped_anvil":1,"minecraft:prismarine_slab":3,"minecraft:smooth_stone":17,"minecraft:string":11,"minecraft:lily_pad":1,"minecraft:blue_carpet":2,"minecraft:exposed_cut_copper":1,"minecraft:acacia_planks":13,"minecraft:pink_stained_glass_pane":1,"minecraft:stone_brick_slab":6,"minecraft:pink_tulip":2,"minecraft:snow_block":13,"minecraft:purpur_pillar":7,"minecraft:furnace":8,"minecraft:bricks":10,"minecraft:brick_wall":2,"minecraft:moss_carpet":11,"minecraft:redstone_ore":7,"minecraft:soul_soil":4,"minecraft:light_blue_glazed_terracotta":2,"minecraft:green_terracotta":9,"minecraft:soul_torch":1,"minecraft:player_head":20,"minecraft:polished_diorite_slab":1,"minecraft:cobblestone_wall":5,"minecraft:smooth_stone_slab":4,"minecraft:deepslate":5,"minecraft:chiseled_red_sandstone":1,"minecraft:sticky_piston":8,"minecraft:diamond_hoe":7,"minecraft:cut_copper_stairs":1,"minecraft:orange_concrete":23,"minecraft:red_banner":19,"minecraft:white_carpet":17,"minecraft:polished_deepslate_slab":8,"minecraft:blue_concrete":39,"minecraft:slime_block":9,"minecraft:structure_block":23,"minecraft:stone_slab":2,"minecraft:red_sandstone_slab":3,"minecraft:light_gray_concrete":17,"minecraft:white_terracotta":10,"minecraft:budding_amethyst":1,"minecraft:magenta_concrete":6,"minecraft:diamond_ore":7,"minecraft:light_blue_concrete":67,"minecraft:orange_wool":13,"minecraft:nether_bricks":3,"minecraft:spruce_fence":24,"minecraft:oak_sign":213,"minecraft:polished_deepslate_stairs":1,"minecraft:lightning_rod":2,"minecraft:purple_stained_glass":4,"minecraft:lily_of_the_valley":1,"minecraft:blast_furnace":4,"minecraft:target":3,"minecraft:diamond_sword":122,"minecraft:big_dripleaf":4,"minecraft:polished_granite_stairs":2,"minecraft:cobblestone_slab":5,"minecraft:hay_block":5,"minecraft:cyan_wool":12,"minecraft:shroomlight":5,"minecraft:stone":62,"minecraft:sea_pickle":1,"minecraft:flower_pot":2,"minecraft:lime_glazed_terracotta":1,"minecraft:powder_snow_bucket":1,"minecraft:allium":2,"minecraft:waxed_cut_copper":1,"minecraft:spruce_trapdoor":6,"minecraft:spruce_planks":56,"minecraft:light_blue_carpet":3,"minecraft:blue_banner":1,"minecraft:popped_chorus_fruit":7,"minecraft:fire_coral_block":1,"minecraft:andesite_stairs":2,"minecraft:carved_pumpkin":15,"minecraft:redstone_torch":23,"minecraft:stone_pressure_plate":2,"minecraft:stone_bricks":18,"minecraft:barrel":5,"minecraft:warped_button":1,"minecraft:brown_carpet":9,"minecraft:sandstone":9,"minecraft:red_sand":9,"minecraft:bow":3,"minecraft:orange_stained_glass_pane":1,"minecraft:bell":4,"minecraft:magma_block":6,"minecraft:brick_slab":4,"minecraft:dark_prismarine":2,"minecraft:cyan_concrete_powder":1,"minecraft:black_wool":11,"minecraft:quartz_slab":7,"minecraft:terracotta":3,"minecraft:nether_brick_stairs":3,"minecraft:spruce_sign":1,"minecraft:gold_ore":12,"minecraft:crimson_nylium":8,"minecraft:warped_stem":69,"minecraft:birch_planks":94,"minecraft:soul_sand":12,"minecraft:moss_block":12,"minecraft:brown_mushroom":4,"minecraft:dark_oak_stairs":5,"minecraft:diamond_axe":1,"minecraft:warped_fungus":2,"minecraft:oak_log":14,"minecraft:baked_potato":27,"minecraft:purple_glazed_terracotta":16,"minecraft:loom":1,"minecraft:exposed_cut_copper_stairs":3,"minecraft:ender_pearl":7,"minecraft:jungle_fence":1,"minecraft:sandstone_slab":17,"minecraft:red_nether_brick_slab":3,"minecraft:lime_terracotta":5,"minecraft:weathered_cut_copper_slab":1,"minecraft:lantern":5,"minecraft:blue_concrete_powder":3,"minecraft:leather":1,"minecraft:lime_stained_glass_pane":4,"minecraft:prismarine_brick_stairs":1,"minecraft:jungle_planks":11,"minecraft:red_wool":14,"minecraft:iron_horse_armor":1,"minecraft:bedrock":24,"minecraft:polished_blackstone_brick_wall":2,"minecraft:black_banner":16,"minecraft:birch_slab":11,"minecraft:raw_gold_block":4,"minecraft:structure_void":9,"minecraft:cod":1,"minecraft:orange_glazed_terracotta":2,"minecraft:cobblestone_stairs":10,"minecraft:spruce_leaves":2,"minecraft:stripped_warped_hyphae":1,"minecraft:redstone_lamp":11,"minecraft:deepslate_gold_ore":4,"minecraft:polished_diorite_stairs":2,"minecraft:orange_carpet":7,"minecraft:dark_oak_log":3,"minecraft:packed_ice":5,"minecraft:ice":21,"minecraft:polished_blackstone_pressure_plate":1,"minecraft:dispenser":7,"minecraft:polished_blackstone_brick_stairs":2,"minecraft:cornflower":1,"minecraft:crimson_roots":4,"minecraft:cut_copper":1,"minecraft:jungle_sign":3,"minecraft:white_stained_glass_pane":4,"minecraft:gilded_blackstone":1,"minecraft:amethyst_shard":2,"minecraft:wet_sponge":1,"minecraft:polished_blackstone_bricks":1,"minecraft:black_concrete":60,"minecraft:crimson_door":2,"minecraft:light_blue_banner":1,"minecraft:birch_chest_boat":1,"minecraft:birch_log":1,"minecraft:black_stained_glass":7,"minecraft:brown_mushroom_block":2,"minecraft:chorus_plant":2,"minecraft:honeycomb_block":5,"minecraft:gravel":24,"minecraft:red_glazed_terracotta":5,"minecraft:chiseled_polished_blackstone":1,"minecraft:pink_terracotta":5,"minecraft:crimson_fungus":7,"minecraft:magenta_stained_glass":3,"minecraft:purpur_block":9,"minecraft:pillager_spawn_egg":1,"minecraft:mangrove_roots":3,"minecraft:pig_spawn_egg":2,"minecraft:andesite_slab":1,"minecraft:yellow_wool":21,"minecraft:smooth_sandstone_stairs":1,"minecraft:lime_wool":17,"minecraft:pointed_dripstone":12,"minecraft:diorite_stairs":2,"minecraft:diamond_shovel":5,"minecraft:yellow_stained_glass":9,"minecraft:mossy_stone_brick_slab":1,"minecraft:prismarine":6,"minecraft:infested_mossy_stone_bricks":3,"minecraft:beehive":9,"minecraft:mycelium":2,"minecraft:waxed_oxidized_cut_copper_slab":1,"minecraft:carrot":3,"minecraft:infested_stone_bricks":1,"minecraft:mushroom_stem":5,"minecraft:chiseled_stone_bricks":7,"minecraft:poppy":2,"minecraft:oak_fence_gate":1,"minecraft:birch_trapdoor":4,"minecraft:reinforced_deepslate":3,"minecraft:petrified_oak_slab":1,"minecraft:oak_wood":4,"minecraft:ochre_froglight":1,"minecraft:melon_seeds":2,"minecraft:glowstone":11,"minecraft:acacia_slab":2,"minecraft:stone_brick_wall":3,"minecraft:birch_door":5,"minecraft:bee_nest":1,"minecraft:chest":18,"minecraft:spruce_wood":5,"minecraft:iron_ore":10,"minecraft:basalt":5,"minecraft:iron_bars":36,"minecraft:arrow":4,"minecraft:cyan_concrete":12,"minecraft:powered_rail":3,"minecraft:smooth_red_sandstone_stairs":1,"minecraft:prismarine_bricks":5,"minecraft:chain_command_block":872,"minecraft:white_concrete_powder":3,"minecraft:scaffolding":8,"minecraft:oak_leaves":4,"minecraft:magenta_wool":8,"minecraft:polished_granite":4,"minecraft:netherrack":12,"minecraft:acacia_pressure_plate":1,"minecraft:enchanting_table":1,"minecraft:purple_carpet":1,"minecraft:firework_rocket":169,"minecraft:water_bucket":14,"minecraft:purple_terracotta":1,"minecraft:oak_slab":23,"minecraft:vine":2,"minecraft:red_concrete_powder":5,"minecraft:magenta_carpet":1,"minecraft:chorus_flower":2,"minecraft:exposed_copper":1,"minecraft:deepslate_iron_ore":2,"minecraft:mossy_cobblestone":17,"minecraft:minecart":5,"minecraft:bookshelf":10,"minecraft:yellow_concrete":58,"minecraft:mangrove_propagule":7,"minecraft:lead":1,"minecraft:observer":5,"minecraft:jungle_wood":5,"minecraft:amethyst_block":5,"minecraft:hopper_minecart":1,"minecraft:light_blue_concrete_powder":6,"minecraft:spruce_stairs":18,"minecraft:acacia_log":2,"minecraft:grass_block":55,"minecraft:acacia_trapdoor":1,"minecraft:spruce_fence_gate":1,"minecraft:iron_block":55,"minecraft:deepslate_brick_stairs":1,"minecraft:blue_dye":62,"minecraft:nether_gold_ore":1,"minecraft:pearlescent_froglight":1,"minecraft:mossy_cobblestone_slab":3,"minecraft:smooth_red_sandstone":1,"minecraft:diorite":8,"minecraft:warped_stairs":3,"minecraft:light_blue_stained_glass":4,"minecraft:waxed_exposed_copper":1,"minecraft:leather_horse_armor":2,"minecraft:torch":3,"minecraft:sculk_catalyst":2,"minecraft:repeater":78,"minecraft:light_blue_wool":41,"minecraft:nether_wart_block":7,"minecraft:white_concrete":80,"minecraft:smooth_quartz":5,"minecraft:brown_wool":7,"minecraft:iron_door":14,"minecraft:map":1,"minecraft:light_gray_stained_glass":2,"minecraft:waxed_oxidized_copper":2,"minecraft:crimson_sign":1,"minecraft:green_carpet":2,"minecraft:smooth_quartz_slab":2,"minecraft:jungle_leaves":6,"minecraft:crimson_fence":5,"minecraft:polished_andesite_stairs":6,"minecraft:flowering_azalea":1,"minecraft:blue_glazed_terracotta":1,"minecraft:raw_iron_block":5,"minecraft:polished_basalt":1,"minecraft:cactus":5,"minecraft:light_blue_stained_glass_pane":3,"minecraft:tripwire_hook":3,"minecraft:lapis_block":6,"minecraft:redstone_block":57,"minecraft:chiseled_sandstone":8,"minecraft:dandelion":1,"minecraft:redstone":64,"minecraft:polished_deepslate":3,"minecraft:polished_diorite":8,"minecraft:red_concrete":50,"minecraft:farmland":1,"minecraft:nether_brick_slab":1,"minecraft:jungle_pressure_plate":2,"minecraft:blue_terracotta":11,"minecraft:anvil":2,"minecraft:gray_stained_glass":3,"minecraft:warped_nylium":2,"minecraft:oak_trapdoor":3,"minecraft:dark_prismarine_stairs":1,"minecraft:weathered_copper":1,"minecraft:ender_chest":2,"minecraft:coarse_dirt":16,"minecraft:nether_wart":1,"minecraft:blaze_rod":15,"minecraft:jukebox":2,"minecraft:lime_concrete":44,"minecraft:tuff":6,"minecraft:brown_stained_glass_pane":2,"minecraft:composter":3,"minecraft:brown_glazed_terracotta":1,"minecraft:tall_grass":4,"minecraft:birch_pressure_plate":1,"minecraft:magenta_stained_glass_pane":2,"minecraft:light_gray_wool":6,"minecraft:villager_spawn_egg":1,"minecraft:comparator":39,"minecraft:cyan_stained_glass_pane":1,"minecraft:stripped_oak_log":3,"minecraft:green_concrete":15,"minecraft:ender_eye":19,"minecraft:waxed_exposed_cut_copper":1,"minecraft:stripped_acacia_wood":3,"minecraft:dirt_path":13,"minecraft:warped_door":5,"minecraft:glass_pane":14,"minecraft:red_terracotta":15,"minecraft:flint_and_steel":3,"minecraft:red_nether_brick_stairs":2,"minecraft:light":1,"minecraft:copper_ore":4,"minecraft:crimson_button":1,"minecraft:deepslate_bricks":1,"minecraft:filled_map":21,"minecraft:muddy_mangrove_roots":6,"minecraft:snow":7,"minecraft:gray_terracotta":3,"minecraft:shield":26,"minecraft:end_stone_brick_stairs":1,"minecraft:oak_button":57,"minecraft:black_concrete_powder":1,"minecraft:diamond_chestplate":1,"minecraft:orange_terracotta":7,"minecraft:netherite_block":1,"minecraft:andesite":7,"minecraft:warped_fence":6,"minecraft:cake":2,"minecraft:quartz_stairs":8,"minecraft:mossy_stone_bricks":4,"minecraft:pink_wool":6,"minecraft:blue_ice":4,"minecraft:waxed_oxidized_cut_copper":1,"minecraft:end_portal_frame":3,"minecraft:birch_sign":12,"minecraft:gray_concrete_powder":4,"minecraft:spruce_log":5,"minecraft:stripped_warped_stem":4,"minecraft:beacon":5,"minecraft:nether_quartz_ore":2,"minecraft:magma_cream":8,"minecraft:brown_stained_glass":8,"minecraft:light_blue_terracotta":10,"minecraft:calcite":4,"minecraft:white_stained_glass":14,"minecraft:light_blue_shulker_box":1,"minecraft:glow_squid_spawn_egg":1,"minecraft:amethyst_cluster":2,"minecraft:magenta_terracotta":4},"minecraft:crafted":{"minecraft:lever":3,"minecraft:oak_wood":3,"minecraft:air":0},"minecraft:custom":{"minecraft:interact_with_crafting_table":1,"minecraft:open_barrel":15,"minecraft:bell_ring":42,"minecraft:eat_cake_slice":7,"minecraft:leave_game":538,"minecraft:time_since_death":10954,"minecraft:play_time":27992299,"minecraft:deaths":151,"minecraft:jump":111699,"minecraft:interact_with_furnace":26,"minecraft:traded_with_villager":6,"minecraft:damage_dealt":78123,"minecraft:inspect_dispenser":71,"minecraft:horse_one_cm":75705,"minecraft:interact_with_anvil":1,"minecraft:inspect_hopper":139,"minecraft:sneak_time":723400,"minecraft:interact_with_blast_furnace":18,"minecraft:total_world_time":38426929,"minecraft:time_since_rest":10976,"minecraft:swim_one_cm":64579,"minecraft:fly_one_cm":178185581,"minecraft:open_chest":81,"minecraft:fish_caught":1,"minecraft:fall_one_cm":1752995,"minecraft:open_shulker_box":190,"minecraft:damage_resisted":183291,"minecraft:sprint_one_cm":17326482,"minecraft:drop":6595,"minecraft:talked_to_villager":268,"minecraft:walk_on_water_one_cm":197669,"minecraft:interact_with_loom":20,"minecraft:open_enderchest":2,"minecraft:interact_with_beacon":15,"minecraft:crouch_one_cm":715210,"minecraft:mob_kills":402,"minecraft:damage_dealt_resisted":3843,"minecraft:climb_one_cm":480663,"minecraft:walk_one_cm":10491803,"minecraft:walk_under_water_one_cm":131135,"minecraft:boat_one_cm":6746,"minecraft:pot_flower":10,"minecraft:interact_with_grindstone":4,"minecraft:damage_taken":6000,"minecraft:minecart_one_cm":77347,"minecraft:aviate_one_cm":1175912},"minecraft:picked_up":{"minecraft:diamond_sword":69,"minecraft:blue_concrete":1,"minecraft:spruce_planks":1,"minecraft:hopper_minecart":4,"minecraft:dark_oak_door":1,"minecraft:beehive":4,"minecraft:big_dripleaf":3,"minecraft:purpur_pillar":1,"minecraft:pink_terracotta":1,"minecraft:brown_carpet":3,"minecraft:lime_carpet":14,"minecraft:command_block":14,"minecraft:tropical_fish":4,"minecraft:carved_pumpkin":1,"minecraft:glowstone":1,"minecraft:blaze_rod":1,"minecraft:magma_block":1,"minecraft:feather":2,"minecraft:iron_door":1,"minecraft:jungle_log":1,"minecraft:red_terracotta":3,"minecraft:quartz_bricks":2,"minecraft:lever":2,"minecraft:light_gray_carpet":7,"minecraft:magenta_glazed_terracotta":1,"minecraft:coarse_dirt":1,"minecraft:sandstone_slab":2,"minecraft:purpur_block":1,"minecraft:flint_and_steel":1,"minecraft:white_stained_glass":3,"minecraft:white_carpet":6,"minecraft:jungle_sapling":2,"minecraft:minecart":2,"minecraft:piston":2,"minecraft:black_stained_glass":2,"minecraft:carrot":8,"minecraft:redstone":3,"minecraft:rail":1,"minecraft:filled_map":7,"minecraft:oak_log":1,"minecraft:chain_command_block":3,"minecraft:yellow_concrete":1,"minecraft:red_wool":1,"minecraft:lime_concrete":1,"minecraft:gravel":22,"minecraft:sea_lantern":1,"minecraft:firework_rocket":2,"minecraft:purple_glazed_terracotta":1,"minecraft:oak_button":7,"minecraft:baked_potato":5,"minecraft:melon_seeds":1,"minecraft:mangrove_propagule":3,"minecraft:ender_pearl":7,"minecraft:wheat":9,"minecraft:light_blue_concrete":1,"minecraft:redstone_block":2,"minecraft:yellow_wool":1,"minecraft:stone_brick_stairs":1,"minecraft:oak_sign":17,"minecraft:comparator":1,"minecraft:redstone_torch":1,"minecraft:ender_eye":1,"minecraft:tipped_arrow":3,"minecraft:oak_fence":2,"minecraft:spruce_stairs":1,"minecraft:porkchop":5,"minecraft:pointed_dripstone":12,"minecraft:cactus":7,"minecraft:rotten_flesh":305,"minecraft:green_wool":1,"minecraft:leather_horse_armor":2,"minecraft:cod":1,"minecraft:cobblestone":1,"minecraft:repeater":2,"minecraft:potato":2,"minecraft:dirt":1899,"minecraft:wheat_seeds":30,"minecraft:bell":9,"minecraft:grindstone":7,"minecraft:popped_chorus_fruit":1,"minecraft:pink_concrete":1,"minecraft:brown_stained_glass":2,"minecraft:oak_pressure_plate":2,"minecraft:dead_bush":1,"minecraft:grass_block":2,"minecraft:mossy_cobblestone":1,"minecraft:light_gray_concrete":1,"minecraft:bone_meal":1,"minecraft:white_concrete":2,"minecraft:netherrack":1,"minecraft:chorus_fruit":53,"minecraft:fishing_rod":7,"minecraft:ladder":15,"minecraft:brown_mushroom":1,"minecraft:gold_block":13,"minecraft:diamond_horse_armor":2,"minecraft:shield":1,"minecraft:moss_carpet":6,"minecraft:item_frame":9,"minecraft:player_head":1,"minecraft:phantom_membrane":1,"minecraft:red_stained_glass_pane":1,"minecraft:iron_horse_armor":2,"minecraft:arrow":1,"minecraft:weeping_vines":2,"minecraft:saddle":2,"minecraft:brick_stairs":1,"minecraft:leather":2,"minecraft:music_disc_stal":4,"minecraft:bedrock":1,"minecraft:crimson_fungus":86,"minecraft:cobblestone_stairs":1,"minecraft:red_sandstone":1,"minecraft:heart_of_the_sea":1,"minecraft:iron_ingot":1,"minecraft:soul_sand":1,"minecraft:sculk_catalyst":2,"minecraft:scaffolding":7,"minecraft:oak_slab":1,"minecraft:emerald_block":1,"minecraft:amethyst_shard":6,"minecraft:red_banner":1,"minecraft:gold_ore":1,"minecraft:red_concrete":1},"minecraft:used":{"minecraft:moss_block":508,"minecraft:nether_brick_fence":287,"minecraft:jack_o_lantern":283,"minecraft:polished_granite_stairs":3,"minecraft:elytra":1,"minecraft:cut_red_sandstone_slab":1,"minecraft:smooth_quartz_slab":26,"minecraft:dead_horn_coral_block":1,"minecraft:dispenser":35,"minecraft:red_sandstone_slab":18,"minecraft:spruce_slab":370,"minecraft:polished_blackstone":138,"minecraft:ladder":1284,"minecraft:black_carpet":213,"minecraft:brown_concrete":324,"minecraft:chest":88,"minecraft:stone":3648,"minecraft:white_shulker_box":1,"minecraft:quartz_stairs":167,"minecraft:red_nether_brick_stairs":55,"minecraft:warped_sign":1,"minecraft:farmland":15,"minecraft:waxed_weathered_cut_copper_stairs":2,"minecraft:chiseled_red_sandstone":9,"minecraft:soul_sand":235,"minecraft:weathered_copper":6,"minecraft:cut_copper":41,"minecraft:brick_slab":25,"minecraft:blue_stained_glass":4,"minecraft:jungle_slab":23,"minecraft:cracked_deepslate_tiles":26,"minecraft:orange_wool":559,"minecraft:deepslate_brick_slab":1,"minecraft:acacia_sapling":1,"minecraft:weeping_vines":18,"minecraft:warden_spawn_egg":2,"minecraft:polished_blackstone_slab":134,"minecraft:jungle_sapling":52,"minecraft:frog_spawn_egg":1,"minecraft:packed_ice":248,"minecraft:honey_block":168,"minecraft:lava_bucket":37,"minecraft:stripped_dark_oak_wood":6,"minecraft:quartz_pillar":40,"minecraft:villager_spawn_egg":4,"minecraft:red_wool":648,"minecraft:warped_hyphae":134,"minecraft:black_stained_glass_pane":2,"minecraft:grass_block":3013,"minecraft:deepslate_copper_ore":27,"minecraft:polished_andesite_stairs":53,"minecraft:orange_shulker_box":2,"minecraft:quartz_block":608,"minecraft:copper_ore":21,"minecraft:wet_sponge":3,"minecraft:dark_oak_slab":144,"minecraft:dark_oak_button":2,"minecraft:diorite_wall":2,"minecraft:pink_wool":897,"minecraft:stone_brick_stairs":110,"minecraft:blue_banner":9,"minecraft:red_stained_glass_pane":35,"minecraft:exposed_cut_copper_slab":16,"minecraft:infested_mossy_stone_bricks":109,"minecraft:snow":276,"minecraft:bow":61,"minecraft:furnace":32,"minecraft:yellow_glazed_terracotta":236,"minecraft:acacia_fence":28,"minecraft:end_stone_brick_stairs":49,"minecraft:dragon_head":1,"minecraft:green_stained_glass_pane":12,"minecraft:dark_prismarine_stairs":2,"minecraft:brown_concrete_powder":1,"minecraft:magenta_shulker_box":2,"minecraft:lime_glazed_terracotta":5,"minecraft:light_blue_carpet":44,"minecraft:deepslate_brick_wall":19,"minecraft:emerald_ore":36,"minecraft:mossy_stone_bricks":293,"minecraft:spruce_door":21,"minecraft:diorite":343,"minecraft:damaged_anvil":1,"minecraft:end_stone_bricks":343,"minecraft:brick_wall":10,"minecraft:powered_rail":246,"minecraft:cut_copper_slab":33,"minecraft:stripped_birch_log":293,"minecraft:red_stained_glass":248,"minecraft:chorus_fruit":5,"minecraft:acacia_trapdoor":2,"minecraft:prismarine":122,"minecraft:blackstone_stairs":1,"minecraft:cactus":100,"minecraft:lime_concrete_powder":122,"minecraft:black_glazed_terracotta":36,"minecraft:jungle_pressure_plate":9,"minecraft:composter":9,"minecraft:clay":31,"minecraft:purpur_pillar":739,"minecraft:oak_leaves":126,"minecraft:respawn_anchor":1,"minecraft:dark_oak_trapdoor":22,"minecraft:sand":426,"minecraft:purpur_stairs":14,"minecraft:cut_sandstone_slab":4,"minecraft:blast_furnace":17,"minecraft:waxed_weathered_cut_copper_slab":1,"minecraft:smooth_red_sandstone":132,"minecraft:weathered_cut_copper_slab":4,"minecraft:acacia_leaves":32,"minecraft:blue_ice":387,"minecraft:purple_terracotta":129,"minecraft:chiseled_quartz_block":5,"minecraft:gray_concrete":523,"minecraft:black_concrete_powder":7,"minecraft:squid_spawn_egg":51,"minecraft:pumpkin_seeds":4,"minecraft:deepslate_brick_stairs":1,"minecraft:lightning_rod":13,"minecraft:birch_fence":153,"minecraft:red_sandstone":82,"minecraft:crying_obsidian":196,"minecraft:chiseled_sandstone":136,"minecraft:mangrove_door":2,"minecraft:gray_stained_glass_pane":1,"minecraft:birch_slab":153,"minecraft:deepslate_iron_ore":22,"minecraft:stone_button":23,"minecraft:verdant_froglight":56,"minecraft:cyan_carpet":24,"minecraft:white_glazed_terracotta":89,"minecraft:spore_blossom":6,"minecraft:red_terracotta":464,"minecraft:polished_granite":277,"minecraft:oak_pressure_plate":219,"minecraft:diamond_ore":136,"minecraft:flowering_azalea_leaves":7,"minecraft:polished_andesite_slab":50,"minecraft:magenta_stained_glass_pane":3,"minecraft:coal_block":56,"minecraft:nether_wart_block":230,"minecraft:diamond_sword":133,"minecraft:exposed_cut_copper":15,"minecraft:dark_oak_fence":123,"minecraft:smithing_table":1,"minecraft:white_stained_glass":280,"minecraft:green_concrete_powder":4,"minecraft:birch_log":279,"minecraft:pink_stained_glass":18,"minecraft:ice":9,"minecraft:oak_boat":4,"minecraft:waxed_cut_copper_stairs":1,"minecraft:purple_wool":427,"minecraft:diorite_slab":59,"minecraft:gray_stained_glass":213,"minecraft:diorite_stairs":2,"minecraft:oak_trapdoor":19,"minecraft:stripped_acacia_wood":5,"minecraft:iron_bars":842,"minecraft:enchanting_table":2,"minecraft:acacia_log":46,"minecraft:orange_concrete":1233,"minecraft:dead_bush":93,"minecraft:red_concrete":1934,"minecraft:carved_pumpkin":340,"minecraft:light_gray_carpet":104,"minecraft:mycelium":15,"minecraft:stripped_warped_stem":138,"minecraft:tinted_glass":33,"minecraft:exposed_cut_copper_stairs":4,"minecraft:torch":11,"minecraft:green_glazed_terracotta":109,"minecraft:structure_block":131,"minecraft:sandstone_wall":4,"minecraft:netherrack":189,"minecraft:orange_bed":1,"minecraft:orange_stained_glass":50,"minecraft:light_gray_shulker_box":1,"minecraft:anvil":4,"minecraft:target":29,"minecraft:warped_wart_block":280,"minecraft:ancient_debris":415,"minecraft:chorus_flower":52,"minecraft:nether_quartz_ore":33,"minecraft:twisting_vines":1,"minecraft:crimson_hyphae":4,"minecraft:stone_stairs":1,"minecraft:nether_brick_slab":67,"minecraft:yellow_carpet":76,"minecraft:glow_lichen":14,"minecraft:oak_fence_gate":1,"minecraft:dead_brain_coral_block":1,"minecraft:blue_concrete":1028,"minecraft:mossy_cobblestone_stairs":1,"minecraft:nether_brick_stairs":59,"minecraft:polished_diorite":265,"minecraft:orange_candle":1,"minecraft:small_dripleaf":1,"minecraft:shroomlight":67,"minecraft:flowering_azalea":12,"minecraft:sea_lantern":233,"minecraft:chipped_anvil":3,"minecraft:muddy_mangrove_roots":84,"minecraft:birch_chest_boat":2,"minecraft:iron_block":4854,"minecraft:light_weighted_pressure_plate":95,"minecraft:rooted_dirt":73,"minecraft:brick_stairs":95,"minecraft:slime_block":175,"minecraft:warped_fence":59,"minecraft:jungle_log":353,"minecraft:smooth_quartz":209,"minecraft:pink_stained_glass_pane":38,"minecraft:prismarine_slab":7,"minecraft:barrel":33,"minecraft:melon_seeds":19,"minecraft:smooth_basalt":45,"minecraft:raw_copper_block":99,"minecraft:tripwire_hook":9,"minecraft:basalt":687,"minecraft:purple_concrete":728,"minecraft:glowstone":674,"minecraft:lime_concrete":1701,"minecraft:warped_stairs":17,"minecraft:magenta_wool":335,"minecraft:tall_grass":63,"minecraft:iron_trapdoor":53,"minecraft:magenta_terracotta":66,"minecraft:oxidized_copper":40,"minecraft:podzol":230,"minecraft:acacia_wood":40,"minecraft:cobbled_deepslate":281,"minecraft:acacia_planks":363,"minecraft:observer":22,"minecraft:orange_terracotta":362,"minecraft:pointed_dripstone":247,"minecraft:crimson_stem":87,"minecraft:calcite":187,"minecraft:deepslate_emerald_ore":11,"minecraft:wheat_seeds":139,"minecraft:water_bucket":118,"minecraft:yellow_banner":6,"minecraft:warped_stem":346,"minecraft:light_blue_shulker_box":18,"minecraft:mangrove_wood":2,"minecraft:sandstone_stairs":172,"minecraft:light_blue_glazed_terracotta":27,"minecraft:tube_coral_block":5,"minecraft:dirt_path":326,"minecraft:prismarine_brick_slab":29,"minecraft:birch_planks":799,"minecraft:yellow_shulker_box":3,"minecraft:lime_wool":868,"minecraft:waxed_oxidized_cut_copper":171,"minecraft:red_mushroom_block":151,"minecraft:blue_concrete_powder":116,"minecraft:cauldron":1,"minecraft:fletching_table":2,"minecraft:spruce_fence_gate":1,"minecraft:deepslate_bricks":56,"minecraft:gold_ore":87,"minecraft:polished_blackstone_bricks":69,"minecraft:conduit":3,"minecraft:cracked_stone_bricks":3,"minecraft:gilded_blackstone":55,"minecraft:pink_concrete":161,"minecraft:waxed_exposed_copper":1,"minecraft:diamond_block":557,"minecraft:orange_carpet":128,"minecraft:polished_deepslate_slab":69,"minecraft:mossy_cobblestone":741,"minecraft:lime_terracotta":282,"minecraft:comparator":287,"minecraft:rail":114,"minecraft:cyan_glazed_terracotta":414,"minecraft:vine":24,"minecraft:tnt":34,"minecraft:oak_slab":335,"minecraft:crafting_table":12,"minecraft:red_bed":141,"minecraft:sculk_shrieker":24,"minecraft:phantom_spawn_egg":1,"minecraft:birch_sign":47,"minecraft:cake":122,"minecraft:spruce_log":164,"minecraft:mushroom_stem":122,"minecraft:amethyst_cluster":8,"minecraft:diamond_shovel":2546,"minecraft:oak_log":340,"minecraft:blue_stained_glass_pane":66,"minecraft:mud":71,"minecraft:ender_eye":42,"minecraft:dark_prismarine":23,"minecraft:waxed_exposed_cut_copper_stairs":1,"minecraft:light":33,"minecraft:warped_trapdoor":16,"minecraft:stripped_jungle_log":4,"minecraft:sunflower":3,"minecraft:mangrove_propagule":20,"minecraft:oak_button":411,"minecraft:pig_spawn_egg":11,"minecraft:spruce_pressure_plate":3,"minecraft:cyan_concrete":381,"minecraft:purpur_slab":33,"minecraft:spruce_trapdoor":78,"minecraft:chiseled_stone_bricks":351,"minecraft:crimson_nylium":166,"minecraft:blue_carpet":41,"minecraft:crimson_sign":3,"minecraft:pink_bed":3,"minecraft:green_carpet":24,"minecraft:cobblestone":1938,"minecraft:acacia_pressure_plate":1,"minecraft:crimson_stairs":20,"minecraft:red_concrete_powder":45,"minecraft:andesite_stairs":13,"minecraft:sandstone_slab":249,"minecraft:glass_pane":135,"minecraft:repeating_command_block":275,"minecraft:end_portal_frame":52,"minecraft:stripped_oak_log":172,"minecraft:brown_mushroom_block":153,"minecraft:jukebox":9,"minecraft:green_stained_glass":61,"minecraft:moss_carpet":62,"minecraft:light_blue_stained_glass_pane":56,"minecraft:light_blue_banner":9,"minecraft:waxed_exposed_cut_copper":1,"minecraft:blue_terracotta":202,"minecraft:red_sand":770,"minecraft:polished_deepslate":269,"minecraft:melon":76,"minecraft:light_gray_stained_glass_pane":12,"minecraft:oak_sign":1686,"minecraft:bone_block":569,"minecraft:polished_basalt":5,"minecraft:diamond_hoe":154,"minecraft:white_concrete_powder":8,"minecraft:white_terracotta":643,"minecraft:nether_wart":9,"minecraft:purple_shulker_box":8,"minecraft:creeper_head":1,"minecraft:stripped_jungle_wood":1,"minecraft:grass":45,"minecraft:bell":11,"minecraft:mossy_stone_brick_slab":6,"minecraft:player_head":297,"minecraft:smooth_sandstone_stairs":3,"minecraft:green_terracotta":332,"minecraft:stripped_crimson_stem":105,"minecraft:sculk_sensor":1,"minecraft:oxidized_cut_copper":51,"minecraft:spruce_leaves":126,"minecraft:birch_pressure_plate":4,"minecraft:orange_glazed_terracotta":89,"minecraft:jungle_planks":119,"minecraft:nether_bricks":348,"minecraft:prismarine_brick_stairs":1,"minecraft:carrot":14,"minecraft:deepslate_tile_slab":2,"minecraft:pink_terracotta":51,"minecraft:beehive":31,"minecraft:tuff":551,"minecraft:cyan_wool":421,"minecraft:obsidian":410,"minecraft:polished_deepslate_stairs":25,"minecraft:big_dripleaf":9,"minecraft:glow_squid_spawn_egg":3,"minecraft:red_sandstone_stairs":1,"minecraft:glass":1845,"minecraft:crimson_button":2,"minecraft:waxed_oxidized_copper":39,"minecraft:coal_ore":459,"minecraft:mangrove_log":1,"minecraft:cyan_terracotta":53,"minecraft:bricks":984,"minecraft:spruce_wood":290,"minecraft:quartz_slab":143,"minecraft:lantern":20,"minecraft:green_wool":239,"minecraft:packed_mud":31,"minecraft:polished_blackstone_brick_wall":2,"minecraft:warped_nylium":215,"minecraft:light_blue_bed":2,"minecraft:mossy_cobblestone_slab":27,"minecraft:gray_concrete_powder":18,"minecraft:tropical_fish_spawn_egg":17,"minecraft:crimson_roots":31,"minecraft:raw_gold_block":469,"minecraft:hopper_minecart":4,"minecraft:stone_bricks":800,"minecraft:birch_button":1,"minecraft:item_frame":212,"minecraft:bedrock":1006,"minecraft:deepslate_diamond_ore":243,"minecraft:reinforced_deepslate":32,"minecraft:birch_trapdoor":26,"minecraft:repeater":3143,"minecraft:red_carpet":138,"minecraft:redstone_lamp":526,"minecraft:honeycomb_block":302,"minecraft:magma_block":34,"minecraft:brown_carpet":62,"minecraft:warped_fungus":16,"minecraft:hay_block":286,"minecraft:scaffolding":20,"minecraft:mangrove_roots":68,"minecraft:gold_block":2074,"minecraft:polished_diorite_stairs":4,"minecraft:skeleton_skull":1,"minecraft:pink_concrete_powder":1,"minecraft:pearlescent_froglight":36,"minecraft:polished_blackstone_stairs":11,"minecraft:mangrove_leaves":142,"minecraft:chiseled_polished_blackstone":2,"minecraft:dark_oak_stairs":56,"minecraft:waxed_oxidized_cut_copper_slab":5,"minecraft:end_rod":30,"minecraft:stripped_acacia_log":27,"minecraft:birch_leaves":1,"minecraft:dark_oak_sign":1,"minecraft:jungle_fence":27,"minecraft:oak_planks":2098,"minecraft:birch_wood":58,"minecraft:polished_diorite_slab":6,"minecraft:ender_pearl":1,"minecraft:sandstone":602,"minecraft:structure_void":36,"minecraft:redstone_block":375,"minecraft:end_stone_brick_slab":26,"minecraft:diamond_axe":53,"minecraft:white_wool":1068,"minecraft:yellow_terracotta":442,"minecraft:light_blue_concrete":2272,"minecraft:lime_stained_glass_pane":51,"minecraft:loom":3,"minecraft:light_blue_wool":1555,"minecraft:black_banner":4,"minecraft:light_gray_terracotta":34,"minecraft:yellow_concrete":2382,"minecraft:deepslate_redstone_ore":32,"minecraft:note_block":4,"minecraft:sponge":17,"minecraft:blackstone_wall":2,"minecraft:dripstone_block":301,"minecraft:ochre_froglight":37,"minecraft:stone_brick_wall":21,"minecraft:deepslate_lapis_ore":5,"minecraft:end_stone":1030,"minecraft:cobbled_deepslate_stairs":19,"minecraft:exposed_copper":202,"minecraft:redstone_torch":376,"minecraft:sticky_piston":201,"minecraft:blue_glazed_terracotta":1,"minecraft:lever":62,"minecraft:green_concrete":330,"minecraft:black_concrete":1936,"minecraft:firework_rocket":129,"minecraft:daylight_detector":1,"minecraft:birch_fence_gate":1,"minecraft:acacia_door":1,"minecraft:bread":7,"minecraft:dark_oak_log":580,"minecraft:lime_carpet":44,"minecraft:light_gray_concrete":792,"minecraft:heavy_weighted_pressure_plate":61,"minecraft:string":2,"minecraft:brown_wool":158,"minecraft:barrier":1466,"minecraft:brown_stained_glass":11,"minecraft:warped_slab":7,"minecraft:iron_door":131,"minecraft:deepslate":270,"minecraft:gravel":118,"minecraft:stripped_warped_hyphae":3,"minecraft:jungle_sign":21,"minecraft:smooth_red_sandstone_slab":10,"minecraft:light_blue_concrete_powder":87,"minecraft:grindstone":8,"minecraft:crimson_door":2,"minecraft:deepslate_coal_ore":52,"minecraft:andesite":789,"minecraft:chain":104,"minecraft:smooth_stone_slab":34,"minecraft:chorus_plant":215,"minecraft:warped_button":3,"minecraft:white_concrete":3577,"minecraft:coarse_dirt":917,"minecraft:bone_meal":812,"minecraft:cobweb":44,"minecraft:azalea":3,"minecraft:oak_fence":978,"minecraft:purpur_block":201,"minecraft:petrified_oak_slab":7,"minecraft:orange_concrete_powder":15,"minecraft:jungle_leaves":315,"minecraft:waxed_weathered_copper":7,"minecraft:granite_stairs":3,"minecraft:crimson_fence":39,"minecraft:flint_and_steel":16,"minecraft:redstone_ore":787,"minecraft:redstone":812,"minecraft:light_blue_terracotta":213,"minecraft:spruce_planks":1901,"minecraft:ender_chest":5,"minecraft:sculk":49,"minecraft:deepslate_gold_ore":60,"minecraft:dried_kelp_block":134,"minecraft:cut_copper_stairs":3,"minecraft:oak_door":123,"minecraft:end_stone_brick_wall":20,"minecraft:dirt":1365,"minecraft:red_nether_brick_slab":23,"minecraft:white_carpet":158,"minecraft:hopper":169,"minecraft:prismarine_bricks":92,"minecraft:spruce_stairs":274,"minecraft:cobblestone_wall":25,"minecraft:warped_door":7,"minecraft:oak_wood":39,"minecraft:shulker_box":3,"minecraft:bee_nest":2,"minecraft:raw_iron_block":117,"minecraft:pink_carpet":5,"minecraft:granite":119,"minecraft:spruce_fence":321,"minecraft:warped_pressure_plate":2,"minecraft:light_blue_stained_glass":147,"minecraft:birch_door":14,"minecraft:andesite_wall":1,"minecraft:purple_stained_glass_pane":41,"minecraft:stone_brick_slab":106,"minecraft:dark_oak_planks":759,"minecraft:brown_terracotta":516,"minecraft:smooth_sandstone":271,"minecraft:red_tulip":1,"minecraft:light_gray_stained_glass":5,"minecraft:bookshelf":413,"minecraft:waxed_cut_copper":1,"minecraft:yellow_stained_glass":207,"minecraft:oak_stairs":251,"minecraft:acacia_slab":56,"minecraft:crimson_slab":3,"minecraft:polished_blackstone_brick_stairs":16,"minecraft:crimson_planks":23,"minecraft:yellow_concrete_powder":83,"minecraft:light_gray_wool":245,"minecraft:weathered_cut_copper":1,"minecraft:black_stained_glass":27,"minecraft:emerald_block":1102,"minecraft:soul_soil":51,"minecraft:lime_stained_glass":101,"minecraft:deepslate_tile_stairs":2,"minecraft:white_stained_glass_pane":126,"minecraft:minecart":20,"minecraft:cyan_concrete_powder":112,"minecraft:horn_coral_block":8,"minecraft:stone_pressure_plate":5,"minecraft:cooked_beef":3,"minecraft:powder_snow_bucket":18,"minecraft:pumpkin":38,"minecraft:orange_stained_glass_pane":4,"minecraft:brain_coral_block":19,"minecraft:cobbled_deepslate_wall":1,"minecraft:quartz_bricks":1784,"minecraft:pink_glazed_terracotta":1,"minecraft:iron_ore":170,"minecraft:amethyst_block":354,"minecraft:lodestone":100,"minecraft:cobblestone_stairs":130,"minecraft:snow_block":734,"minecraft:blue_wool":597,"minecraft:polished_andesite":1825,"minecraft:mud_brick_slab":3,"minecraft:red_nether_bricks":329,"minecraft:andesite_slab":58,"minecraft:copper_block":12,"minecraft:black_shulker_box":2,"minecraft:purple_glazed_terracotta":303,"minecraft:cut_sandstone":2,"minecraft:brown_mushroom":10,"minecraft:magenta_stained_glass":25,"minecraft:spruce_sign":4,"minecraft:chiseled_nether_bricks":2,"minecraft:red_glazed_terracotta":121,"minecraft:beacon":35,"minecraft:cobblestone_slab":80,"minecraft:warped_roots":31,"minecraft:glow_item_frame":2,"minecraft:jungle_wood":56,"minecraft:polished_blackstone_pressure_plate":9,"minecraft:mangrove_trapdoor":4,"minecraft:stripped_dark_oak_log":29,"minecraft:terracotta":425,"minecraft:dark_prismarine_slab":1,"minecraft:red_mushroom":12,"minecraft:dead_fire_coral_block":1,"minecraft:yellow_stained_glass_pane":42,"minecraft:cyan_stained_glass":21,"minecraft:nether_gold_ore":38,"minecraft:brown_glazed_terracotta":138,"minecraft:painting":8,"minecraft:magenta_carpet":11,"minecraft:warped_planks":193,"minecraft:infested_stone_bricks":104,"minecraft:smooth_red_sandstone_stairs":2,"minecraft:dark_oak_door":14,"minecraft:purple_stained_glass":68,"minecraft:gray_terracotta":101,"minecraft:piston":22,"minecraft:netherite_block":13,"minecraft:flower_pot":11,"minecraft:acacia_stairs":58,"minecraft:black_wool":262,"minecraft:command_block":3984,"minecraft:cracked_polished_blackstone_bricks":1,"minecraft:lapis_ore":19,"minecraft:map":10,"minecraft:netherite_axe":698,"minecraft:stone_slab":25,"minecraft:detector_rail":15,"minecraft:cracked_nether_bricks":1,"minecraft:magenta_concrete":404,"minecraft:jungle_stairs":1,"minecraft:budding_amethyst":79,"minecraft:yellow_wool":1517,"minecraft:brown_stained_glass_pane":11,"minecraft:fishing_rod":273,"minecraft:fire_coral_block":10,"minecraft:crimson_fungus":27,"minecraft:end_crystal":6,"minecraft:stripped_crimson_hyphae":2,"minecraft:cobbled_deepslate_slab":2,"minecraft:jungle_door":3,"minecraft:cyan_stained_glass_pane":9,"minecraft:white_banner":173,"minecraft:chain_command_block":2028,"minecraft:red_banner":64,"minecraft:lapis_block":174,"minecraft:magenta_glazed_terracotta":81,"minecraft:yellow_bed":1,"minecraft:sea_pickle":8,"minecraft:polished_blackstone_button":4,"minecraft:gray_wool":48,"minecraft:smooth_stone":607,"minecraft:purple_carpet":24,"minecraft:sculk_catalyst":22,"minecraft:birch_stairs":18,"minecraft:pillager_spawn_egg":1,"minecraft:soul_torch":2}},"DataVersion":3120}